"study","hr","k","eventsobs"
"Study 1",0.513411156600341,1,214
"Study 2",0.744203154346906,1,248
"Study 3",0.647604891215451,1,195
"Study 4",0.535035338951275,1,275
"Study 5",0.637037169304676,1,264
